[
    
    {
        "item": "Referensi buku",
        "description": "konten aplikasi ini mengambil referensi dari buku yang berjudul \"Dzikir Pagi Petang dan sesudah Shalat Fardhu Menuru Al-Qur'an dan As-Sunnah yang Shahih\". karya Ustadz Yazid bin Abdul Qadir Jawas dari Penerbit Pustaka Imam Asy-Syafi'i (www.pustakaimamsyafii.com)"
    },
	{
        "item": "Audio Dzikir Pagi dan Petang",
        "description": "Rekaman audio Dzikir Pagi dan Petang dari Radio Rodja (www.radiorodja.com)"
    },
	{
        "item": "Audio Dzikir Sesudah Shalat",
        "description": "Rekaman audio Dzikir Sesudah Shalat oleh Sa'ad Al Ghomidi dalam Doa Hisnul Muslim dari Kajian.Net (www.kajian.net)"
    },
	{
        "item": "Artikel",
        "description": "Artikel 7 Faedah Dzikir dari Muslim.Or.Id (www.muslim.or.id)"
    },
	{
        "item": "Gambar Design",
        "description": "Gambar-gambar yang dipakai untuk design di aplikasi Dzikir Harian ini berasal dari Google Images (www.google.com)"
    }
]