[
    {
        "item": "version 1.23.31",
        "description": "- menambah fitur done di dzikirboard\n- menambar menu lihat dalil dan mode baca luas di dzikirboard\n- menambah link cepet ke aplikasi ini"
    },
    {
        "item": "version 1.20.29.54",
        "description": "- aktifkan mode landscape\n- perbaikan slider pilih halaman\n- perbaikan kecil lainnya"
    },
    {
        "item": "version 1.18.28.50",
        "description": "- tambah fitur 'tandai sudah dibaca'\n- perbaikan UI saat tersedia bar navigasi"
    },{
        "item": "version 1.18.27.48",
        "description": "- bug fixing : perubahan nama aplikasi untuk gawai dengan bahasa indonesia"
    },{
        "item": "version 1.18.26.46",
        "description": "- bug fixing : masalah pada alarm\n- perbaikan kecil lainnya"
    },{
        "item": "version 1.18.25.44",
        "description": "- bug fixing : masalah pada saat buka aplikasi\n- perbaikan kecil lainnya"
    },{
        "item": "version 1.18.24.40",
        "description": "- bug fixing : masalah pada android oreo ke atas\n- perbaikan kecil lainnya"
    },{
        "item": "version 1.18.23.38",
        "description": "- perbaikan ui movable menu, history\n- penambahan halaman informasi, toko dan rekomendasi\n- perbaikan kecil lainnya"
    },{
        "item": "version 1.15.22.34",
        "description": "- bug fixing : crash saat membuka aplikasi, mohon maaf atas ketidaknyamanannya"
    },{
        "item": "version 1.15.21.33",
        "description": "- bug fixing : crash saat membuka aplikasi pada beberapa smartphone\n- mengubah beberapa atribut tema\n- mengubah wording dialog saat masuk ke dzikir board dan menyimpan status standby"
    },{
        "item": "version 1.15.20.30",
        "description": "- merubah crash report to crashlytics"
    },{
        "item": "version 1.15.19.29",
        "description": "- perbaikan crash saat ada notifikasi pembaruan aplikasi jika kuota internet habis\n- mengubah beberapa properti UI\n- menambahkan fitur pengingat waktu mundur untuk sholat\n- menambah fitur pengingat shaum/puasa"
    },{
        "item": "version 1.13.18.26",
        "description": "- klik notifikasi, langsung menuju halaman dzikir pagi atau petang\n- menambahkan fungsi penerima notifikasi push\n- memindahkan fungsi crash report tanpa melalui email"
    },
    {
        "item": "version 1.12.17.21",
        "description": "- penambahan bacaan pelengkap (laa ilaaha illallah...) setelah dzikir allahuakbar 33x\n- pemisahan dzikir sesudah sholat menjadi 3 kategori bacaan yaitu subuh, dzuhur-asar-isya dan maghrib\n"
    },
    {
        "item": "version 1.11.16.19",
        "description": "- perbaikan masalah pengingat dzikir yg selalu muncul/bunyi ketika aplikasi dibuka dalam rentang waktu dzikir\n- penambahan informasi waktu dzikir di notifikasi pengingat\n- penambahan switch on off untuk standby layar atau tidak"
    },
    {
        "item": "version 1.9.14.17",
        "description": "- perbaikan masalah pengingat dzikir yg tidak muncul pada beberapa perangkat\n- perbaikan masalah aplikasi tertutup paksa/force close setelah buka aplikasi pada OS android gingerbread dan ICS"
    },
    {
        "item": "version 1.9.13.15",
        "description": "- hilangkan informasi 'connectivity online/not online'\n- ubah fungsi rate melalui email menjadi rate melalui play store"
    },
    {
        "item": "version 1.9.12.13",
        "description": "- perbaikan bacaan dzikir yg salah tulis pada dzikir setelah sholat"
    },
    {
        "item": "version 1.9.11.12",
        "description": "- perbaikan beberapa bacaan dzikir yg salah tulis"
    },
    {
        "item": "version 1.9.10.9",
        "description": "- perbaikan dalam pengambilan lokasi ketika gps dimatikan"
    },
    {
        "item": "version 1.9.9.8",
        "description": "- perbaikan suara latar dikarenakan bug berasal dari versi sebelumnya\n- menambahkan halaman riwayat perubahan versi aplikasi\n- perbaikan bahasa menjadi indonesia pada beberapa tempat, beberapa masih menggunakan bahasa inggris karena penggunaannya yang sudah umum\n- penambahan konfirmasi pada halaman dzikir untuk baca dari awal lagi atau lanjut sebelumnya"
    },
    {
        "item": "version 1.8.8.7",
        "description": "- menambahkan permission VIBRATE untuk pengingat"
    },
    {
        "item": "version 1.8.7.8",
        "description": "- menambahkan fitur pengingat dzikir berbasis lokasi"
    },
    {
        "item": "version 1.7.6.6",
        "description": "- perbaikan beberapa bacaan di dzikir sesudah sholat"
    },
    {
        "item": "version 1.6.5.4",
        "description": "- peningkatan performa dan user interface"
    },
    {
        "item": "version 1.5.4.1",
        "description": "- update menggunakan android studio dalam pengembangan"
    },
    {
        "item": "version 1.2",
        "description": "- peningkatan performa dan user interface"
    },
    {
        "item": "version 1.1",
        "description": "- peningkatan performa dan user interface"
    },
    {
        "item": "version 1.0",
        "description": "- versi awal aplikasi"
    }
]